{"stat.walkOneCm":101284,"stat.craftItem.minecraft.bed":3,"stat.drop.minecraft.coal":10,"stat.useItem.minecraft.torch":6,"stat.drop.minecraft.rotten_flesh":1,"stat.leaveGame":1,"stat.pickup.minecraft.iron_sword":1,"stat.mineBlock.chisel.marble2":111,"stat.pickup.minecraft.crafting_table":2,"stat.mineBlock.minecraft.cobblestone":2,"stat.furnaceInteraction":9,"stat.craftItem.minecraft.crafting_table":1,"stat.mineBlock.minecraft.yellow_flower":2,"stat.useItem.minecraft.apple":1,"stat.mineBlock.minecraft.coal_ore":50,"stat.pickup.minecraft.log":25,"stat.drop.minecraft.iron_pickaxe":1,"stat.jump":347,"stat.swimOneCm":5692,"stat.pickup.minecraft.coal":51,"stat.fallOneCm":8242,"stat.useItem.minecraft.planks":24,"stat.useItem.minecraft.cooked_mutton":8,"stat.useItem.minecraft.stone_axe":22,"stat.drop.minecraft.sapling":7,"stat.crouchOneCm":112,"stat.pickup.minecraft.chicken":1,"stat.craftItem.minecraft.iron_ingot":6,"stat.pickup.minecraft.sapling":10,"stat.sprintOneCm":76531,"stat.useItem.minecraft.stone_slab2":9,"stat.pickup.minecraft.iron_chestplate":1,"stat.pickup.minecraft.apple":1,"stat.drop.minecraft.bed":1,"stat.craftItem.minecraft.stick":42,"stat.useItem.minecraft.cooked_chicken":1,"stat.craftingTableInteraction":18,"stat.pickup.minecraft.iron_ore":3,"stat.pickup.minecraft.rotten_flesh":5,"stat.killEntity.Skeleton":1,"stat.craftItem.minecraft.furnace":1,"stat.pickup.minecraft.gold_ore":8,"stat.craftItem.minecraft.planks":94,"stat.useItem.minecraft.iron_sword":8,"stat.killEntity.Chicken":1,"stat.craftItem.minecraft.stone_axe":2,"stat.damageTaken":700,"stat.mineBlock.minecraft.crafting_table":2,"stat.craftItem.minecraft.stone_pickaxe":2,"stat.mineBlock.minecraft.torch":2,"stat.useItem.minecraft.wooden_pickaxe":59,"stat.mobKills":7,"stat.pickup.minecraft.cobblestone":74,"stat.mineBlock.minecraft.log":24,"stat.pickup.minecraft.planks":26,"stat.craftItem.minecraft.cooked_chicken":1,"stat.mineBlock.chisel.limestone2":2,"stat.craftItem.minecraft.stone_sword":2,"stat.pickup.chisel.limestone2":4,"stat.flyOneCm":24720,"stat.pickup.minecraft.bed":1,"stat.mineBlock.minecraft.planks":4,"stat.drop":21,"stat.mineBlock.minecraft.leaves":8,"stat.playOneMinute":49129,"stat.pickup.minecraft.torch":21,"stat.killEntity.Sheep":3,"stat.useItem.minecraft.stone_pickaxe":166,"stat.useItem.minecraft.stone_sword":10,"stat.sneakTime":891,"stat.craftItem.minecraft.iron_pickaxe":2,"stat.pickup.minecraft.wool":11,"stat.damageDealt":704,"stat.mineBlock.minecraft.iron_ore":3,"stat.killEntity.Zombie":2,"stat.sleepInBed":4,"stat.pickup.zawa.care_guide":1,"stat.timeSinceDeath":49129,"stat.craftItem.minecraft.dye":1,"stat.drop.minecraft.yellow_flower":1,"stat.pickup.minecraft.yellow_flower":2,"stat.useItem.minecraft.iron_pickaxe":8,"stat.craftItem.minecraft.wooden_pickaxe":1,"stat.mineBlock.minecraft.stone":59,"stat.pickup.chisel.marble2":111,"stat.mineBlock.minecraft.gold_ore":8,"stat.craftItem.minecraft.cooked_mutton":1,"stat.mineBlock.minecraft.tallgrass":3,"stat.diveOneCm":4302,"stat.pickup.minecraft.mutton":3,"stat.pickup.minecraft.cooked_mutton":7}