{"stat.chestOpened":1,"stat.leaveGame":1,"stat.pickup.minecraft.gravel":1,"stat.pickup.minecraft.iron_sword":1,"stat.mineBlock.minecraft.cobblestone":2,"stat.mineBlock.minecraft.yellow_flower":2,"stat.useItem.minecraft.apple":1,"stat.drop.minecraft.iron_pickaxe":1,"stat.useItem.minecraft.rotten_flesh":2,"stat.jump":551,"stat.swimOneCm":9939,"stat.pickup.minecraft.coal":55,"stat.fallOneCm":10985,"stat.useItem.minecraft.planks":43,"stat.useItem.minecraft.stone_axe":24,"stat.crouchOneCm":113,"stat.craftItem.minecraft.iron_ingot":6,"stat.useItem.minecraft.stone_slab2":10,"stat.drop.minecraft.bed":1,"stat.useItem.minecraft.cooked_chicken":1,"stat.craftingTableInteraction":18,"stat.pickup.minecraft.iron_ore":21,"stat.pickup.minecraft.rotten_flesh":5,"stat.craftItem.minecraft.furnace":1,"stat.pickup.minecraft.gold_ore":8,"stat.craftItem.minecraft.stone_axe":2,"stat.damageTaken":810,"stat.craftItem.minecraft.stone_pickaxe":2,"stat.mineBlock.minecraft.torch":2,"stat.useItem.minecraft.wooden_pickaxe":59,"stat.pickup.minecraft.cobblestone":75,"stat.pickup.minecraft.planks":28,"stat.mineBlock.chisel.limestone2":2,"stat.pickup.minecraft.reeds":1,"stat.craftItem.minecraft.stone_sword":2,"stat.pickup.chisel.limestone2":4,"stat.flyOneCm":35294,"stat.pickup.minecraft.bed":1,"stat.pickup.minecraft.wheat_seeds":1,"stat.useItem.minecraft.stone_pickaxe":191,"stat.useItem.minecraft.stone_sword":10,"stat.damageDealt":1404,"stat.mineBlock.minecraft.iron_ore":23,"stat.sleepInBed":5,"stat.timeSinceDeath":60829,"stat.pickup.chococraft.gysahl_green":15,"stat.useItem.minecraft.iron_pickaxe":8,"stat.pickup.chococraft.lovely_gysahl_green":1,"stat.craftItem.minecraft.wooden_pickaxe":1,"stat.pickup.minecraft.mutton":15,"stat.walkOneCm":144792,"stat.craftItem.minecraft.bed":3,"stat.drop.minecraft.coal":10,"stat.useItem.minecraft.torch":8,"stat.drop.minecraft.rotten_flesh":1,"stat.mineBlock.chisel.marble2":111,"stat.pickup.minecraft.crafting_table":2,"stat.furnaceInteraction":10,"stat.craftItem.minecraft.crafting_table":1,"stat.mineBlock.minecraft.coal_ore":54,"stat.pickup.minecraft.log":25,"stat.useItem.minecraft.cooked_mutton":9,"stat.drop.minecraft.sapling":7,"stat.pickup.minecraft.chicken":1,"stat.pickup.minecraft.sapling":10,"stat.sprintOneCm":107556,"stat.pickup.minecraft.iron_chestplate":1,"stat.pickup.minecraft.apple":1,"stat.craftItem.minecraft.stick":42,"stat.killEntity.Skeleton":1,"stat.craftItem.minecraft.planks":94,"stat.useItem.minecraft.iron_sword":43,"stat.killEntity.Chicken":1,"stat.mineBlock.minecraft.crafting_table":2,"stat.mobKills":15,"stat.mineBlock.minecraft.log":24,"stat.pickup.chococraft.gysahl_green_seeds":35,"stat.craftItem.minecraft.cooked_chicken":1,"stat.mineBlock.minecraft.planks":6,"stat.drop":21,"stat.mineBlock.minecraft.leaves":8,"stat.playOneMinute":60829,"stat.pickup.minecraft.torch":21,"stat.killEntity.Sheep":11,"stat.sneakTime":907,"stat.craftItem.minecraft.iron_pickaxe":2,"stat.pickup.minecraft.wool":18,"stat.killEntity.Zombie":2,"stat.pickup.zawa.care_guide":1,"stat.craftItem.minecraft.dye":1,"stat.drop.minecraft.yellow_flower":1,"stat.pickup.minecraft.yellow_flower":2,"stat.mineBlock.minecraft.stone":60,"stat.pickup.chisel.marble2":111,"stat.mineBlock.minecraft.gold_ore":8,"stat.craftItem.minecraft.cooked_mutton":1,"stat.mineBlock.minecraft.tallgrass":6,"stat.diveOneCm":7409,"stat.pickup.minecraft.cooked_mutton":8}