{"stat.chestOpened":10,"stat.cakeSlicesEaten":3,"stat.leaveGame":2,"stat.pickup.minecraft.gravel":1,"stat.pickup.minecraft.iron_sword":1,"stat.mineBlock.minecraft.cobblestone":3,"stat.mineBlock.minecraft.yellow_flower":2,"stat.useItem.minecraft.apple":1,"stat.drop.minecraft.iron_pickaxe":1,"stat.useItem.minecraft.rotten_flesh":2,"stat.jump":783,"stat.swimOneCm":15485,"stat.pickup.minecraft.coal":55,"stat.pickup.minecraft.iron_helmet":1,"stat.fallOneCm":13651,"stat.useItem.minecraft.planks":46,"stat.climbOneCm":1445,"stat.pickup.minecraft.carrot":34,"stat.useItem.minecraft.stone_axe":24,"stat.crouchOneCm":137,"stat.craftItem.minecraft.iron_ingot":6,"stat.useItem.minecraft.stone_slab2":11,"stat.drop.minecraft.bed":1,"stat.pickup.minecraft.iron_boots":1,"stat.useItem.minecraft.cooked_chicken":1,"stat.craftingTableInteraction":18,"stat.pickup.minecraft.iron_ore":21,"stat.pickup.minecraft.rotten_flesh":5,"stat.craftItem.minecraft.furnace":1,"stat.pickup.minecraft.gold_ore":8,"stat.craftItem.minecraft.stone_axe":2,"stat.damageTaken":897,"stat.craftItem.minecraft.stone_pickaxe":2,"stat.mineBlock.minecraft.torch":2,"stat.useItem.minecraft.wooden_pickaxe":59,"stat.pickup.minecraft.cobblestone":76,"stat.pickup.minecraft.planks":28,"stat.mineBlock.chisel.limestone2":2,"stat.pickup.minecraft.reeds":1,"stat.pickup.minecraft.iron_leggings":1,"stat.craftItem.minecraft.stone_sword":2,"stat.pickup.chisel.limestone2":4,"stat.flyOneCm":55613,"stat.pickup.minecraft.bed":1,"stat.pickup.minecraft.wheat_seeds":1,"stat.pickup.minecraft.potato":13,"stat.pickup.heroicarmory.rsmithrilbattleaxe":1,"stat.useItem.minecraft.stone_pickaxe":192,"stat.useItem.minecraft.stone_sword":10,"stat.damageDealt":2264,"stat.mineBlock.minecraft.iron_ore":23,"stat.sleepInBed":5,"stat.timeSinceDeath":80521,"stat.pickup.chococraft.gysahl_green":15,"stat.useItem.minecraft.iron_pickaxe":8,"stat.pickup.chococraft.lovely_gysahl_green":1,"stat.craftItem.minecraft.wooden_pickaxe":1,"stat.pickup.minecraft.mutton":22,"stat.walkOneCm":212218,"stat.craftItem.minecraft.bed":3,"stat.drop.minecraft.coal":10,"stat.useItem.minecraft.torch":8,"stat.useItem.minecraft.potato":12,"stat.drop.minecraft.rotten_flesh":1,"stat.mineBlock.chisel.marble2":111,"stat.pickup.minecraft.crafting_table":2,"stat.furnaceInteraction":15,"stat.craftItem.minecraft.crafting_table":1,"stat.mineBlock.minecraft.coal_ore":54,"stat.pickup.minecraft.log":25,"stat.pickup.minecraft.string":1,"stat.useItem.minecraft.cooked_mutton":11,"stat.drop.minecraft.sapling":7,"stat.pickup.minecraft.chicken":1,"stat.useItem.minecraft.written_book":1,"stat.pickup.minecraft.sapling":11,"stat.sprintOneCm":172262,"stat.pickup.minecraft.iron_chestplate":1,"stat.pickup.minecraft.apple":1,"stat.craftItem.minecraft.stick":42,"stat.killEntity.Skeleton":1,"stat.craftItem.minecraft.planks":94,"stat.useItem.minecraft.iron_sword":98,"stat.killEntity.Chicken":1,"stat.mineBlock.minecraft.crafting_table":2,"stat.useItem.minecraft.carrot":29,"stat.mobKills":22,"stat.mineBlock.minecraft.log":24,"stat.pickup.chococraft.gysahl_green_seeds":35,"stat.craftItem.minecraft.cooked_chicken":1,"stat.mineBlock.minecraft.planks":6,"stat.drop":21,"stat.mineBlock.minecraft.leaves":16,"stat.playOneMinute":80521,"stat.pickup.minecraft.torch":21,"stat.killEntity.Sheep":16,"stat.sneakTime":1262,"stat.craftItem.minecraft.iron_pickaxe":2,"stat.pickup.minecraft.wool":23,"stat.killEntity.Zombie":4,"stat.pickup.zawa.care_guide":1,"stat.craftItem.minecraft.dye":1,"stat.drop.minecraft.yellow_flower":1,"stat.pickup.minecraft.yellow_flower":2,"stat.mineBlock.minecraft.stone":60,"stat.pickup.chisel.marble2":111,"stat.mineBlock.minecraft.gold_ore":8,"stat.craftItem.minecraft.cooked_mutton":3,"stat.mineBlock.minecraft.tallgrass":6,"stat.diveOneCm":13499,"stat.pickup.minecraft.cooked_mutton":8}