{"stat.cakeSlicesEaten":3,"stat.pickup.minecraft.bone":2,"stat.leaveGame":3,"stat.mineBlock.minecraft.cobblestone":3,"stat.mineBlock.minecraft.yellow_flower":2,"stat.mineBlock.minecraft.brown_mushroom":3,"stat.pickup.jurassicraft.crickets":2,"stat.swimOneCm":24035,"stat.useItem.minecraft.planks":46,"stat.climbOneCm":18115,"stat.useItem.minecraft.stone_slab2":11,"stat.pickup.minecraft.iron_boots":1,"stat.pickup.minecraft.rotten_flesh":6,"stat.craftItem.minecraft.furnace":1,"stat.pickup.jurassicraft.mealworm_beetles":5,"stat.entityKilledBy.Spider":1,"stat.pickup.zawa.carnivore_meat_raw":2,"stat.craftItem.minecraft.stone_axe":2,"stat.craftItem.minecraft.stone_pickaxe":2,"stat.pickup.minecraft.cobblestone":76,"stat.mineBlock.chisel.limestone2":2,"stat.craftItem.minecraft.stone_sword":2,"stat.flyOneCm":86184,"stat.pickup.minecraft.brown_mushroom":4,"stat.mineBlock.minecraft.iron_ore":23,"stat.timeSinceDeath":0,"stat.useItem.minecraft.iron_pickaxe":8,"stat.pickup.chococraft.lovely_gysahl_green":1,"stat.craftItem.minecraft.wooden_pickaxe":1,"stat.pickup.minecraft.mutton":22,"stat.craftItem.minecraft.bed":3,"stat.drop.minecraft.coal":10,"stat.useItem.minecraft.potato":12,"stat.mineBlock.chisel.marble2":111,"stat.mineBlock.minecraft.vine":4,"stat.furnaceInteraction":17,"stat.mineBlock.minecraft.coal_ore":54,"stat.drop.minecraft.baked_potato":8,"stat.pickup.minecraft.string":1,"stat.pickup.zawa.thick_fur":4,"stat.useItem.minecraft.cooked_mutton":11,"stat.useItem.minecraft.written_book":1,"stat.sprintOneCm":283343,"stat.pickup.minecraft.iron_chestplate":1,"stat.drop.zawa.fur":1,"stat.craftItem.minecraft.stick":42,"stat.mineBlock.minecraft.crafting_table":2,"stat.useItem.minecraft.carrot":35,"stat.pickup.chococraft.gysahl_green_seeds":35,"stat.mineBlock.minecraft.planks":6,"stat.deaths":1,"stat.drop":30,"stat.pickup.zawa.fur":1,"stat.playOneMinute":105424,"stat.killEntity.Sheep":16,"stat.craftItem.minecraft.iron_pickaxe":2,"stat.killEntity.Zombie":8,"stat.pickup.zawa.care_guide":1,"stat.craftItem.minecraft.dye":1,"stat.pickup.chisel.marble2":111,"stat.mineBlock.minecraft.gold_ore":8,"stat.craftItem.minecraft.cooked_mutton":3,"stat.mineBlock.minecraft.tallgrass":20,"stat.diveOneCm":15282,"stat.pickup.minecraft.cooked_mutton":8,"stat.chestOpened":11,"stat.pickup.minecraft.gravel":1,"stat.pickup.minecraft.iron_sword":1,"stat.useItem.minecraft.apple":1,"stat.drop.minecraft.iron_pickaxe":1,"stat.useItem.minecraft.rotten_flesh":2,"stat.jump":1272,"stat.pickup.minecraft.coal":55,"stat.pickup.minecraft.iron_helmet":1,"stat.fallOneCm":21898,"stat.pickup.minecraft.carrot":34,"stat.useItem.minecraft.stone_axe":51,"stat.crouchOneCm":137,"stat.craftItem.minecraft.iron_ingot":6,"stat.pickup.minecraft.dirt":8,"stat.pickup.minecraft.melon":57,"stat.drop.minecraft.bed":1,"stat.useItem.minecraft.cooked_chicken":1,"stat.craftingTableInteraction":18,"stat.pickup.minecraft.iron_ore":21,"stat.pickup.minecraft.gold_ore":8,"stat.damageTaken":1455,"stat.mineBlock.minecraft.torch":2,"stat.mineBlock.minecraft.melon_block":12,"stat.useItem.minecraft.wooden_pickaxe":59,"stat.pickup.minecraft.planks":28,"stat.pickup.minecraft.reeds":1,"stat.pickup.minecraft.iron_leggings":1,"stat.pickup.chisel.limestone2":4,"stat.pickup.minecraft.bed":1,"stat.pickup.minecraft.wheat_seeds":6,"stat.pickup.minecraft.potato":13,"stat.pickup.heroicarmory.rsmithrilbattleaxe":1,"stat.useItem.minecraft.stone_pickaxe":192,"stat.useItem.minecraft.stone_sword":10,"stat.damageDealt":3596,"stat.sleepInBed":5,"stat.craftItem.minecraft.baked_potato":16,"stat.pickup.chococraft.gysahl_green":15,"stat.mineBlock.minecraft.dirt":7,"stat.walkOneCm":342138,"stat.useItem.minecraft.torch":8,"stat.drop.minecraft.rotten_flesh":1,"stat.pickup.minecraft.crafting_table":2,"stat.craftItem.minecraft.crafting_table":1,"stat.pickup.minecraft.log":25,"stat.pickup.jurassicraft.cockroaches":1,"stat.useItem.minecraft.melon":7,"stat.drop.minecraft.sapling":7,"stat.pickup.minecraft.chicken":1,"stat.pickup.minecraft.baked_potato":16,"stat.pickup.minecraft.sapling":11,"stat.pickup.minecraft.apple":1,"stat.killEntity.Skeleton":3,"stat.craftItem.minecraft.planks":94,"stat.useItem.minecraft.iron_sword":154,"stat.killEntity.Chicken":1,"stat.mobKills":27,"stat.mineBlock.minecraft.log":24,"stat.craftItem.minecraft.cooked_chicken":1,"stat.mineBlock.minecraft.leaves":30,"stat.pickup.minecraft.torch":21,"stat.sneakTime":1401,"stat.pickup.minecraft.wool":23,"stat.useItem.minecraft.baked_potato":4,"stat.drop.minecraft.yellow_flower":1,"stat.pickup.minecraft.yellow_flower":2,"stat.mineBlock.minecraft.stone":60}