{"stat.walkOneCm":69704,"stat.craftItem.minecraft.bed":3,"stat.drop.minecraft.coal":10,"stat.useItem.minecraft.torch":3,"stat.drop.minecraft.rotten_flesh":1,"stat.leaveGame":1,"stat.pickup.minecraft.iron_sword":1,"stat.pickup.minecraft.crafting_table":2,"stat.furnaceInteraction":6,"stat.craftItem.minecraft.crafting_table":1,"stat.mineBlock.minecraft.yellow_flower":2,"stat.useItem.minecraft.apple":1,"stat.mineBlock.minecraft.coal_ore":50,"stat.pickup.minecraft.log":25,"stat.jump":256,"stat.swimOneCm":2998,"stat.pickup.minecraft.coal":51,"stat.fallOneCm":5833,"stat.useItem.minecraft.planks":2,"stat.useItem.minecraft.cooked_mutton":5,"stat.useItem.minecraft.stone_axe":20,"stat.drop.minecraft.sapling":7,"stat.crouchOneCm":64,"stat.pickup.minecraft.chicken":1,"stat.pickup.minecraft.sapling":10,"stat.sprintOneCm":72378,"stat.useItem.minecraft.stone_slab2":6,"stat.pickup.minecraft.iron_chestplate":1,"stat.pickup.minecraft.apple":1,"stat.drop.minecraft.bed":1,"stat.craftItem.minecraft.stick":42,"stat.craftingTableInteraction":15,"stat.pickup.minecraft.rotten_flesh":1,"stat.craftItem.minecraft.furnace":1,"stat.craftItem.minecraft.planks":94,"stat.killEntity.Chicken":1,"stat.craftItem.minecraft.stone_axe":2,"stat.damageTaken":335,"stat.mineBlock.minecraft.crafting_table":2,"stat.craftItem.minecraft.stone_pickaxe":2,"stat.mineBlock.minecraft.torch":2,"stat.useItem.minecraft.wooden_pickaxe":24,"stat.mobKills":5,"stat.pickup.minecraft.cobblestone":43,"stat.mineBlock.minecraft.log":24,"stat.pickup.minecraft.planks":23,"stat.craftItem.minecraft.cooked_chicken":1,"stat.craftItem.minecraft.stone_sword":2,"stat.flyOneCm":21145,"stat.pickup.minecraft.bed":1,"stat.mineBlock.minecraft.planks":2,"stat.drop":20,"stat.mineBlock.minecraft.leaves":8,"stat.playOneMinute":36529,"stat.pickup.minecraft.torch":21,"stat.killEntity.Sheep":3,"stat.useItem.minecraft.stone_pickaxe":71,"stat.useItem.minecraft.stone_sword":10,"stat.sneakTime":724,"stat.pickup.minecraft.wool":11,"stat.damageDealt":444,"stat.killEntity.Zombie":1,"stat.sleepInBed":1,"stat.pickup.zawa.care_guide":1,"stat.timeSinceDeath":36529,"stat.craftItem.minecraft.dye":1,"stat.drop.minecraft.yellow_flower":1,"stat.pickup.minecraft.yellow_flower":2,"stat.craftItem.minecraft.wooden_pickaxe":1,"stat.mineBlock.minecraft.stone":45,"stat.craftItem.minecraft.cooked_mutton":1,"stat.mineBlock.minecraft.tallgrass":3,"stat.diveOneCm":3542,"stat.pickup.minecraft.mutton":3,"stat.pickup.minecraft.cooked_mutton":7}