{"stat.pickup.minecraft.rotten_flesh":1,"stat.walkOneCm":23230,"stat.craftItem.minecraft.planks":52,"stat.leaveGame":1,"stat.drop.minecraft.rotten_flesh":1,"stat.pickup.minecraft.crafting_table":1,"stat.damageTaken":185,"stat.mineBlock.minecraft.crafting_table":1,"stat.mineBlock.minecraft.yellow_flower":1,"stat.craftItem.minecraft.stone_pickaxe":1,"stat.useItem.minecraft.wooden_pickaxe":24,"stat.mobKills":1,"stat.pickup.minecraft.cobblestone":23,"stat.mineBlock.minecraft.log":13,"stat.pickup.minecraft.planks":23,"stat.pickup.minecraft.log":13,"stat.flyOneCm":5872,"stat.drop":4,"stat.jump":72,"stat.mineBlock.minecraft.leaves":1,"stat.swimOneCm":1811,"stat.playOneMinute":13129,"stat.fallOneCm":1423,"stat.damageDealt":154,"stat.drop.minecraft.sapling":2,"stat.killEntity.Zombie":1,"stat.pickup.zawa.care_guide":1,"stat.timeSinceDeath":13129,"stat.drop.minecraft.yellow_flower":1,"stat.pickup.minecraft.sapling":4,"stat.pickup.minecraft.yellow_flower":1,"stat.sprintOneCm":21629,"stat.craftItem.minecraft.wooden_pickaxe":1,"stat.mineBlock.minecraft.stone":24,"stat.diveOneCm":1900,"stat.craftItem.minecraft.stick":42,"stat.craftingTableInteraction":8}