{"stat.walkOneCm":42812,"stat.craftItem.minecraft.bed":3,"stat.drop.minecraft.rotten_flesh":1,"stat.leaveGame":1,"stat.pickup.minecraft.crafting_table":2,"stat.furnaceInteraction":3,"stat.mineBlock.minecraft.yellow_flower":2,"stat.useItem.minecraft.apple":1,"stat.pickup.minecraft.log":25,"stat.jump":121,"stat.swimOneCm":2417,"stat.fallOneCm":2809,"stat.useItem.minecraft.planks":2,"stat.useItem.minecraft.cooked_mutton":2,"stat.useItem.minecraft.stone_axe":19,"stat.drop.minecraft.sapling":7,"stat.crouchOneCm":64,"stat.pickup.minecraft.chicken":1,"stat.pickup.minecraft.sapling":10,"stat.sprintOneCm":40593,"stat.useItem.minecraft.stone_slab2":3,"stat.pickup.minecraft.apple":1,"stat.drop.minecraft.bed":1,"stat.craftItem.minecraft.stick":42,"stat.craftingTableInteraction":14,"stat.pickup.minecraft.rotten_flesh":1,"stat.craftItem.minecraft.planks":94,"stat.killEntity.Chicken":1,"stat.craftItem.minecraft.stone_axe":2,"stat.damageTaken":245,"stat.mineBlock.minecraft.crafting_table":2,"stat.craftItem.minecraft.stone_pickaxe":2,"stat.useItem.minecraft.wooden_pickaxe":24,"stat.mobKills":3,"stat.pickup.minecraft.cobblestone":23,"stat.mineBlock.minecraft.log":24,"stat.pickup.minecraft.planks":23,"stat.craftItem.minecraft.stone_sword":2,"stat.flyOneCm":9724,"stat.pickup.minecraft.bed":1,"stat.mineBlock.minecraft.planks":2,"stat.drop":10,"stat.mineBlock.minecraft.leaves":6,"stat.playOneMinute":24829,"stat.killEntity.Sheep":1,"stat.useItem.minecraft.stone_sword":4,"stat.sneakTime":578,"stat.pickup.minecraft.wool":10,"stat.damageDealt":284,"stat.killEntity.Zombie":1,"stat.sleepInBed":1,"stat.pickup.zawa.care_guide":1,"stat.timeSinceDeath":24829,"stat.craftItem.minecraft.dye":1,"stat.drop.minecraft.yellow_flower":1,"stat.pickup.minecraft.yellow_flower":2,"stat.craftItem.minecraft.wooden_pickaxe":1,"stat.mineBlock.minecraft.stone":24,"stat.craftItem.minecraft.cooked_mutton":1,"stat.mineBlock.minecraft.tallgrass":3,"stat.diveOneCm":1900,"stat.pickup.minecraft.mutton":2,"stat.pickup.minecraft.cooked_mutton":1}