{"stat.drop.minecraft.cooked_mutton":1,"stat.walkOneCm":52368,"stat.pickup.minecraft.bone":1,"stat.leaveGame":3,"stat.craftItem.minecraft.crafting_table":2,"stat.furnaceInteraction":15,"stat.mineBlock.minecraft.yellow_flower":2,"stat.pickup.jurassicraft.crickets":1,"stat.pickup.minecraft.log":33,"stat.jump":300,"stat.swimOneCm":1417,"stat.fallOneCm":6053,"stat.pickup.minecraft.furnace":3,"stat.useItem.minecraft.cooked_mutton":3,"stat.useItem.minecraft.stone_axe":31,"stat.craftItem.minecraft.stone_slab2":0,"stat.crouchOneCm":9,"stat.pickup.minecraft.chicken":3,"stat.pickup.minecraft.sapling":1,"stat.pickup.minecraft.dirt":1,"stat.sprintOneCm":43692,"stat.useItem.minecraft.stone_slab2":6,"stat.craftItem.minecraft.stick":16,"stat.craftingTableInteraction":5,"stat.drop.minecraft.furnace":1,"stat.pickup.minecraft.rotten_flesh":1,"stat.killEntity.Skeleton":1,"stat.craftItem.minecraft.furnace":1,"stat.craftItem.minecraft.planks":76,"stat.killEntity.Chicken":3,"stat.craftItem.minecraft.stone_axe":1,"stat.damageTaken":206,"stat.pickup.minecraft.feather":4,"stat.craftItem.minecraft.stone_pickaxe":1,"stat.mineBlock.minecraft.furnace":2,"stat.useItem.minecraft.wooden_pickaxe":52,"stat.pickup.minecraft.cobblestone":45,"stat.mobKills":14,"stat.mineBlock.minecraft.sapling":1,"stat.mineBlock.minecraft.log":35,"stat.pickup.minecraft.planks":2,"stat.craftItem.minecraft.stone_sword":1,"stat.flyOneCm":41484,"stat.pickup.minecraft.bed":2,"stat.drop":3,"stat.mineBlock.minecraft.leaves":4,"stat.pickup.minecraft.egg":1,"stat.playOneMinute":25303,"stat.killEntity.Sheep":9,"stat.useItem.minecraft.stone_pickaxe":2,"stat.sneakTime":85,"stat.useItem.minecraft.stone_sword":43,"stat.pickup.minecraft.wool":9,"stat.damageDealt":1089,"stat.sleepInBed":1,"stat.timeSinceDeath":25303,"stat.pickup.zawa.care_guide":1,"stat.drop.minecraft.yellow_flower":1,"stat.pickup.minecraft.yellow_flower":4,"stat.mineBlock.minecraft.dirt":1,"stat.craftItem.minecraft.wooden_pickaxe":1,"stat.mineBlock.minecraft.stone":45,"stat.mineBlock.minecraft.tallgrass":1,"stat.craftItem.minecraft.cooked_mutton":15,"stat.diveOneCm":804,"stat.pickup.minecraft.mutton":14}