{"stat.drop.minecraft.cooked_mutton":11,"stat.walkOneCm":85730,"stat.pickup.minecraft.bone":3,"stat.useItem.minecraft.torch":16,"stat.leaveGame":3,"stat.pickup.minecraft.arrow":2,"stat.pickup.minecraft.crafting_table":1,"stat.useItem.minecraft.cobblestone":9,"stat.craftItem.minecraft.crafting_table":2,"stat.furnaceInteraction":29,"stat.mineBlock.minecraft.yellow_flower":2,"stat.mineBlock.minecraft.coal_ore":22,"stat.craftItem.minecraft.coal":3,"stat.pickup.jurassicraft.crickets":1,"stat.pickup.minecraft.log":33,"stat.jump":486,"stat.swimOneCm":2670,"stat.pickup.minecraft.coal":31,"stat.fallOneCm":10792,"stat.pickup.minecraft.furnace":4,"stat.useItem.minecraft.cooked_mutton":7,"stat.useItem.minecraft.stone_axe":32,"stat.craftItem.minecraft.stone_slab2":0,"stat.pickup.minecraft.stone":1,"stat.craftItem.minecraft.iron_chestplate":1,"stat.crouchOneCm":144,"stat.pickup.minecraft.chicken":3,"stat.craftItem.minecraft.torch":36,"stat.craftItem.minecraft.iron_ingot":17,"stat.pickup.minecraft.sapling":1,"stat.pickup.minecraft.dirt":1,"stat.sprintOneCm":68224,"stat.useItem.minecraft.stone_slab2":8,"stat.craftItem.minecraft.stick":24,"stat.craftingTableInteraction":9,"stat.drop.minecraft.furnace":1,"stat.pickup.minecraft.iron_ore":22,"stat.pickup.minecraft.rotten_flesh":1,"stat.killEntity.Skeleton":4,"stat.craftItem.minecraft.furnace":1,"stat.craftItem.minecraft.planks":76,"stat.killEntity.Chicken":3,"stat.craftItem.minecraft.stone_axe":1,"stat.damageTaken":476,"stat.pickup.minecraft.feather":4,"stat.mineBlock.minecraft.crafting_table":1,"stat.craftItem.minecraft.stone_pickaxe":1,"stat.mineBlock.minecraft.furnace":3,"stat.mineBlock.minecraft.torch":1,"stat.useItem.minecraft.wooden_pickaxe":52,"stat.pickup.minecraft.cobblestone":48,"stat.mobKills":23,"stat.mineBlock.minecraft.sapling":1,"stat.mineBlock.minecraft.log":35,"stat.pickup.minecraft.planks":2,"stat.craftItem.minecraft.stone_sword":1,"stat.flyOneCm":59819,"stat.pickup.minecraft.bed":2,"stat.drop":13,"stat.mineBlock.minecraft.leaves":4,"stat.pickup.minecraft.egg":1,"stat.playOneMinute":37003,"stat.pickup.minecraft.torch":2,"stat.killEntity.Sheep":14,"stat.useItem.minecraft.stone_pickaxe":52,"stat.sneakTime":132,"stat.useItem.minecraft.stone_sword":69,"stat.pickup.minecraft.wool":15,"stat.damageDealt":2248,"stat.mineBlock.minecraft.iron_ore":23,"stat.sleepInBed":1,"stat.killEntity.Zombie":1,"stat.timeSinceDeath":37003,"stat.pickup.zawa.care_guide":1,"stat.drop.minecraft.yellow_flower":1,"stat.pickup.minecraft.yellow_flower":4,"stat.mineBlock.minecraft.dirt":1,"stat.craftItem.minecraft.wooden_pickaxe":1,"stat.mineBlock.minecraft.stone":49,"stat.mineBlock.minecraft.tallgrass":1,"stat.craftItem.minecraft.cooked_mutton":15,"stat.diveOneCm":804,"stat.pickup.minecraft.mutton":23,"stat.craftItem.minecraft.iron_sword":2,"stat.pickup.minecraft.cooked_mutton":4}