{"stat.drop.minecraft.cooked_mutton":11,"stat.walkOneCm":137623,"stat.pickup.minecraft.bone":11,"stat.useItem.minecraft.torch":32,"stat.leaveGame":3,"stat.pickup.minecraft.arrow":7,"stat.pickup.minecraft.crafting_table":1,"stat.mineBlock.minecraft.cobblestone":5,"stat.useItem.minecraft.cobblestone":45,"stat.craftItem.minecraft.crafting_table":2,"stat.furnaceInteraction":34,"stat.mineBlock.minecraft.yellow_flower":2,"stat.mineBlock.minecraft.coal_ore":45,"stat.pickup.minecraft.iron_hoe":1,"stat.craftItem.minecraft.coal":3,"stat.pickup.jurassicraft.crickets":1,"stat.pickup.minecraft.log":33,"stat.jump":681,"stat.swimOneCm":4466,"stat.pickup.minecraft.coal":54,"stat.fallOneCm":14927,"stat.pickup.minecraft.iron_pickaxe":1,"stat.pickup.minecraft.furnace":4,"stat.useItem.minecraft.cooked_mutton":15,"stat.pickup.tombstone.crafting_ingredient":1,"stat.useItem.minecraft.stone_axe":32,"stat.craftItem.minecraft.stone_slab2":0,"stat.pickup.minecraft.stone":5,"stat.craftItem.minecraft.iron_chestplate":2,"stat.crouchOneCm":836,"stat.pickup.minecraft.chicken":3,"stat.craftItem.minecraft.torch":60,"stat.craftItem.minecraft.iron_ingot":20,"stat.pickup.minecraft.sapling":1,"stat.pickup.minecraft.dirt":1,"stat.sprintOneCm":84057,"stat.useItem.minecraft.stone_slab2":9,"stat.craftItem.minecraft.stick":24,"stat.craftingTableInteraction":11,"stat.drop.minecraft.furnace":1,"stat.pickup.minecraft.iron_ore":47,"stat.pickup.minecraft.rotten_flesh":1,"stat.mineBlock.jurassicraft.gypsum_stone":14,"stat.killEntity.Skeleton":8,"stat.pickup.jurassicraft.gypsum_powder":90,"stat.craftItem.minecraft.furnace":1,"stat.pickup.minecraft.gold_ore":9,"stat.craftItem.minecraft.planks":76,"stat.useItem.minecraft.iron_sword":37,"stat.killEntity.Chicken":3,"stat.craftItem.minecraft.stone_axe":1,"stat.damageTaken":1125,"stat.pickup.minecraft.feather":4,"stat.mineBlock.minecraft.crafting_table":1,"stat.craftItem.minecraft.stone_pickaxe":1,"stat.mineBlock.minecraft.furnace":3,"stat.mineBlock.minecraft.torch":2,"stat.useItem.minecraft.wooden_pickaxe":52,"stat.pickup.minecraft.cobblestone":76,"stat.mobKills":30,"stat.mineBlock.minecraft.sapling":1,"stat.mineBlock.minecraft.log":35,"stat.pickup.minecraft.planks":3,"stat.craftItem.minecraft.stone_sword":1,"stat.flyOneCm":70930,"stat.pickup.minecraft.bed":2,"stat.drop":13,"stat.mineBlock.minecraft.leaves":4,"stat.pickup.minecraft.egg":1,"stat.playOneMinute":49603,"stat.pickup.minecraft.torch":3,"stat.killEntity.Sheep":14,"stat.useItem.minecraft.stone_pickaxe":126,"stat.sneakTime":582,"stat.useItem.minecraft.stone_sword":69,"stat.pickup.minecraft.wool":15,"stat.damageDealt":3969,"stat.mineBlock.minecraft.iron_ore":48,"stat.sleepInBed":3,"stat.killEntity.Zombie":4,"stat.timeSinceDeath":49603,"stat.pickup.zawa.care_guide":1,"stat.drop.minecraft.yellow_flower":1,"stat.pickup.minecraft.yellow_flower":4,"stat.mineBlock.minecraft.dirt":1,"stat.useItem.minecraft.iron_pickaxe":25,"stat.craftItem.minecraft.wooden_pickaxe":1,"stat.mineBlock.minecraft.stone":70,"stat.mineBlock.minecraft.gold_ore":9,"stat.mineBlock.minecraft.tallgrass":1,"stat.craftItem.minecraft.cooked_mutton":25,"stat.diveOneCm":804,"stat.pickup.minecraft.mutton":23,"stat.craftItem.minecraft.iron_sword":2,"stat.pickup.minecraft.cooked_mutton":4}