{"stat.craftItem.minecraft.furnace":1,"stat.walkOneCm":25321,"stat.craftItem.minecraft.planks":20,"stat.leaveGame":3,"stat.craftItem.minecraft.stone_axe":1,"stat.damageTaken":156,"stat.craftItem.minecraft.crafting_table":2,"stat.craftItem.minecraft.stone_pickaxe":1,"stat.useItem.minecraft.wooden_pickaxe":52,"stat.pickup.minecraft.cobblestone":45,"stat.mobKills":1,"stat.mineBlock.minecraft.log":29,"stat.pickup.minecraft.log":27,"stat.pickup.jurassicraft.crickets":1,"stat.craftItem.minecraft.stone_sword":1,"stat.flyOneCm":21194,"stat.drop":2,"stat.jump":198,"stat.mineBlock.minecraft.leaves":2,"stat.swimOneCm":1417,"stat.playOneMinute":13603,"stat.fallOneCm":4054,"stat.pickup.minecraft.furnace":1,"stat.sneakTime":40,"stat.useItem.minecraft.stone_axe":24,"stat.damageDealt":58,"stat.timeSinceDeath":13603,"stat.pickup.zawa.care_guide":1,"stat.drop.minecraft.yellow_flower":1,"stat.pickup.minecraft.sapling":1,"stat.pickup.minecraft.yellow_flower":2,"stat.pickup.minecraft.dirt":1,"stat.sprintOneCm":18469,"stat.mineBlock.minecraft.dirt":1,"stat.useItem.minecraft.stone_slab2":3,"stat.craftItem.minecraft.wooden_pickaxe":1,"stat.mineBlock.minecraft.stone":45,"stat.diveOneCm":804,"stat.craftItem.minecraft.stick":16,"stat.craftingTableInteraction":4,"stat.drop.minecraft.furnace":1}