{"stat.chestOpened":9,"stat.cakeSlicesEaten":4,"stat.pickup.minecraft.bone":11,"stat.leaveGame":4,"stat.pickup.minecraft.arrow":7,"stat.mineBlock.minecraft.cobblestone":5,"stat.mineBlock.minecraft.yellow_flower":2,"stat.craftItem.minecraft.coal":3,"stat.pickup.jurassicraft.crickets":1,"stat.jump":1310,"stat.swimOneCm":6002,"stat.pickup.minecraft.coal":72,"stat.fallOneCm":35247,"stat.climbOneCm":1102,"stat.pickup.minecraft.carrot":1,"stat.useItem.minecraft.stone_axe":32,"stat.pickup.minecraft.gunpowder":1,"stat.crouchOneCm":1495,"stat.craftItem.minecraft.torch":60,"stat.craftItem.minecraft.iron_ingot":62,"stat.craftItem.minecraft.chest":1,"stat.pickup.minecraft.dirt":1,"stat.craftItem.minecraft.iron_helmet":2,"stat.useItem.minecraft.stone_slab2":12,"stat.craftingTableInteraction":15,"stat.pickup.minecraft.iron_ore":47,"stat.pickup.minecraft.rotten_flesh":6,"stat.pickup.jurassicraft.gypsum_powder":90,"stat.craftItem.minecraft.furnace":1,"stat.pickup.minecraft.gold_ore":9,"stat.craftItem.minecraft.stone_axe":1,"stat.craftItem.minecraft.iron_boots":2,"stat.pickup.minecraft.feather":4,"stat.damageTaken":1556,"stat.drop.minecraft.iron_leggings":1,"stat.craftItem.minecraft.stone_pickaxe":1,"stat.mineBlock.minecraft.furnace":3,"stat.mineBlock.minecraft.torch":2,"stat.useItem.minecraft.wooden_pickaxe":52,"stat.useItem.minecraft.reeds":15,"stat.pickup.minecraft.cobblestone":76,"stat.mineBlock.minecraft.sapling":1,"stat.pickup.minecraft.planks":3,"stat.pickup.minecraft.reeds":17,"stat.craftItem.minecraft.stone_sword":1,"stat.flyOneCm":154903,"stat.pickup.minecraft.bed":2,"stat.pickup.minecraft.potato":33,"stat.useItem.minecraft.stone_pickaxe":126,"stat.useItem.minecraft.stone_sword":69,"stat.craftItem.minecraft.iron_leggings":2,"stat.damageDealt":5563,"stat.mineBlock.minecraft.iron_ore":48,"stat.sleepInBed":5,"stat.timeSinceDeath":80516,"stat.craftItem.minecraft.baked_potato":3,"stat.mineBlock.minecraft.dirt":1,"stat.useItem.minecraft.iron_pickaxe":26,"stat.craftItem.minecraft.wooden_pickaxe":1,"stat.pickup.minecraft.mutton":27,"stat.craftItem.minecraft.iron_sword":2,"stat.drop.minecraft.cooked_mutton":13,"stat.walkOneCm":229205,"stat.useItem.minecraft.torch":33,"stat.useItem.minecraft.potato":14,"stat.pickup.minecraft.crafting_table":1,"stat.useItem.minecraft.cobblestone":52,"stat.craftItem.minecraft.crafting_table":2,"stat.furnaceInteraction":42,"stat.mineBlock.minecraft.coal_ore":45,"stat.pickup.minecraft.iron_hoe":1,"stat.killEntity.Creeper":1,"stat.pickup.minecraft.log":33,"stat.pickup.minecraft.string":3,"stat.pickup.minecraft.iron_pickaxe":1,"stat.pickup.minecraft.furnace":4,"stat.useItem.minecraft.cooked_mutton":20,"stat.pickup.tombstone.crafting_ingredient":1,"stat.craftItem.minecraft.stone_slab2":0,"stat.pickup.minecraft.stone":6,"stat.craftItem.minecraft.iron_chestplate":2,"stat.pickup.minecraft.chicken":3,"stat.pickup.minecraft.sapling":1,"stat.sprintOneCm":143104,"stat.craftItem.minecraft.stick":24,"stat.drop.minecraft.furnace":1,"stat.mineBlock.jurassicraft.gypsum_stone":14,"stat.killEntity.Skeleton":8,"stat.craftItem.minecraft.planks":76,"stat.useItem.minecraft.iron_sword":75,"stat.killEntity.Chicken":3,"stat.mineBlock.minecraft.crafting_table":1,"stat.killEntity.Spider":2,"stat.useItem.minecraft.carrot":1,"stat.mobKills":41,"stat.mineBlock.minecraft.log":35,"stat.drop":17,"stat.mineBlock.minecraft.leaves":6,"stat.pickup.minecraft.egg":2,"stat.playOneMinute":80516,"stat.pickup.minecraft.torch":3,"stat.drop.minecraft.string":1,"stat.killEntity.Sheep":17,"stat.sneakTime":1001,"stat.pickup.minecraft.wool":18,"stat.killEntity.Zombie":9,"stat.useItem.minecraft.baked_potato":3,"stat.pickup.zawa.care_guide":1,"stat.drop.minecraft.yellow_flower":1,"stat.pickup.minecraft.yellow_flower":4,"stat.mineBlock.minecraft.stone":71,"stat.mineBlock.minecraft.gold_ore":9,"stat.mineBlock.minecraft.tallgrass":1,"stat.craftItem.minecraft.cooked_mutton":28,"stat.diveOneCm":2990,"stat.pickup.minecraft.cooked_mutton":5}