{"stat.cakeSlicesEaten":4,"stat.pickup.minecraft.bone":11,"stat.leaveGame":5,"stat.mineBlock.minecraft.cobblestone":5,"stat.mineBlock.minecraft.yellow_flower":2,"stat.pickup.jurassicraft.crickets":5,"stat.swimOneCm":9215,"stat.climbOneCm":12445,"stat.useItem.minecraft.dirt":3,"stat.useItem.minecraft.stone_slab2":13,"stat.pickup.minecraft.rotten_flesh":6,"stat.craftItem.minecraft.furnace":1,"stat.pickup.jurassicraft.mealworm_beetles":4,"stat.craftItem.minecraft.stone_axe":1,"stat.craftItem.minecraft.iron_boots":2,"stat.craftItem.minecraft.stone_pickaxe":1,"stat.pickup.minecraft.cobblestone":76,"stat.craftItem.minecraft.stone_sword":1,"stat.flyOneCm":223487,"stat.mineBlock.minecraft.sand":1,"stat.killEntity.Villager":1,"stat.mineBlock.minecraft.iron_ore":48,"stat.timeSinceDeath":103806,"stat.useItem.minecraft.iron_pickaxe":26,"stat.craftItem.minecraft.wooden_pickaxe":1,"stat.pickup.minecraft.mutton":27,"stat.drop.minecraft.cooked_mutton":13,"stat.useItem.minecraft.potato":14,"stat.furnaceInteraction":44,"stat.mineBlock.minecraft.coal_ore":45,"stat.killEntity.Creeper":1,"stat.pickup.minecraft.string":3,"stat.pickup.minecraft.furnace":4,"stat.useItem.minecraft.cooked_mutton":20,"stat.pickup.tombstone.crafting_ingredient":1,"stat.craftItem.minecraft.stone_slab2":0,"stat.sprintOneCm":196960,"stat.craftItem.minecraft.stick":24,"stat.drop.minecraft.furnace":1,"stat.mineBlock.jurassicraft.gypsum_stone":14,"stat.mineBlock.minecraft.crafting_table":1,"stat.useItem.minecraft.carrot":1,"stat.drop":17,"stat.pickup.zawa.fur":2,"stat.pickup.minecraft.egg":2,"stat.playOneMinute":103806,"stat.drop.minecraft.string":1,"stat.killEntity.Sheep":17,"stat.killEntity.Zombie":10,"stat.pickup.zawa.care_guide":1,"stat.mineBlock.minecraft.gold_ore":9,"stat.mineBlock.minecraft.tallgrass":7,"stat.craftItem.minecraft.cooked_mutton":28,"stat.diveOneCm":4699,"stat.pickup.minecraft.cooked_mutton":5,"stat.chestOpened":11,"stat.pickup.minecraft.arrow":7,"stat.useItem.minecraft.apple":1,"stat.craftItem.minecraft.coal":3,"stat.jump":1866,"stat.pickup.minecraft.coal":72,"stat.fallOneCm":53939,"stat.pickup.minecraft.carrot":1,"stat.useItem.minecraft.stone_axe":41,"stat.pickup.minecraft.gunpowder":1,"stat.crouchOneCm":1793,"stat.craftItem.minecraft.torch":60,"stat.craftItem.minecraft.iron_ingot":62,"stat.craftItem.minecraft.chest":1,"stat.pickup.minecraft.dirt":5,"stat.craftItem.minecraft.iron_helmet":2,"stat.pickup.minecraft.melon":31,"stat.craftingTableInteraction":15,"stat.pickup.minecraft.iron_ore":47,"stat.pickup.jurassicraft.gypsum_powder":90,"stat.pickup.minecraft.gold_ore":9,"stat.pickup.minecraft.feather":4,"stat.damageTaken":2109,"stat.drop.minecraft.iron_leggings":1,"stat.mineBlock.minecraft.furnace":3,"stat.mineBlock.minecraft.torch":2,"stat.mineBlock.minecraft.melon_block":5,"stat.useItem.minecraft.wooden_pickaxe":52,"stat.useItem.minecraft.reeds":15,"stat.mineBlock.minecraft.sapling":1,"stat.pickup.minecraft.planks":3,"stat.pickup.minecraft.reeds":17,"stat.pickup.minecraft.bed":2,"stat.pickup.minecraft.potato":33,"stat.useItem.minecraft.stone_pickaxe":128,"stat.useItem.minecraft.stone_sword":69,"stat.craftItem.minecraft.iron_leggings":2,"stat.damageDealt":6767,"stat.pickup.zawa.bush_meat_raw":2,"stat.sleepInBed":5,"stat.craftItem.minecraft.baked_potato":3,"stat.mineBlock.minecraft.dirt":4,"stat.craftItem.minecraft.iron_sword":2,"stat.walkOneCm":300648,"stat.useItem.minecraft.torch":33,"stat.pickup.minecraft.crafting_table":1,"stat.useItem.minecraft.cobblestone":52,"stat.craftItem.minecraft.crafting_table":2,"stat.mineBlock.minecraft.double_plant":1,"stat.pickup.minecraft.iron_hoe":1,"stat.pickup.minecraft.log":33,"stat.useItem.minecraft.melon":2,"stat.pickup.minecraft.iron_pickaxe":1,"stat.pickup.minecraft.stone":6,"stat.craftItem.minecraft.iron_chestplate":2,"stat.pickup.minecraft.chicken":3,"stat.pickup.minecraft.baked_potato":8,"stat.pickup.minecraft.sapling":1,"stat.pickup.minecraft.apple":1,"stat.killEntity.Skeleton":8,"stat.craftItem.minecraft.planks":76,"stat.useItem.minecraft.iron_sword":100,"stat.killEntity.Chicken":3,"stat.killEntity.Spider":2,"stat.mobKills":48,"stat.mineBlock.minecraft.log":35,"stat.mineBlock.minecraft.leaves":14,"stat.pickup.minecraft.torch":3,"stat.sneakTime":1113,"stat.pickup.minecraft.wool":18,"stat.useItem.minecraft.baked_potato":11,"stat.drop.minecraft.yellow_flower":1,"stat.pickup.minecraft.yellow_flower":4,"stat.mineBlock.minecraft.stone":71}